State_Name,Year,Fiscal centralisation
Andhra_Pradesh,1962,0.310017652
Andhra_Pradesh,1967,0.173947511
Andhra_Pradesh,1971,
Andhra_Pradesh,1974,
Andhra_Pradesh,1977,
Andhra_Pradesh,1980,47.28682171
Andhra_Pradesh,1981,39.17748918
Andhra_Pradesh,1982,42.86662243
Andhra_Pradesh,1983,36.63075416
Andhra_Pradesh,1984,34.7543646
Andhra_Pradesh,1985,41.56778137
Andhra_Pradesh,1986,36.73343606
Andhra_Pradesh,1987,35.33856437
Andhra_Pradesh,1988,33.11351861
Andhra_Pradesh,1989,32.08907741
Andhra_Pradesh,1990,39.89100817
Andhra_Pradesh,1991,39.27464352
Andhra_Pradesh,1992,40.44506259
Andhra_Pradesh,1993,46.38313794
Andhra_Pradesh,1994,37.00861888
Andhra_Pradesh,1995,42.93386094
Andhra_Pradesh,1996,30.44747082
Andhra_Pradesh,1997,36.37238724
Andhra_Pradesh,1998,28.65911237
Andhra_Pradesh,1999,28.32908305
Andhra_Pradesh,2000,23.27264846
Andhra_Pradesh,2001,27.65509989
Andhra_Pradesh,2002,18.23310435
Andhra_Pradesh,2003,30.52966812
Andhra_Pradesh,2004,12.85974383
Andhra_Pradesh,2005,27.07145926
Andhra_Pradesh,2006,28.25667262
Andhra_Pradesh,2007,31.88907825
Andhra_Pradesh,2008,29.54850938
Andhra_Pradesh,2009,32.59365593
Andhra_Pradesh,2010,31.51490827
Andhra_Pradesh,2011,32.49447881
Andhra_Pradesh,2012,26.33824065
Andhra_Pradesh,2013,27.50635586
Andhra_Pradesh,2014,31.10588878
Andhra_Pradesh,2015,46.38890368
Andhra_Pradesh,2016,37.08096381
Andhra_Pradesh,2017,39.88680165
Andhra_Pradesh,2018,40.76224951
Arunachal_Pradesh,1962,
Arunachal_Pradesh,1967,
Arunachal_Pradesh,1971,
Arunachal_Pradesh,1974,
Arunachal_Pradesh,1977,
Arunachal_Pradesh,1980,NA
Arunachal_Pradesh,1981,NA
Arunachal_Pradesh,1982,NA
Arunachal_Pradesh,1983,NA
Arunachal_Pradesh,1984,NA
Arunachal_Pradesh,1985,NA
Arunachal_Pradesh,1986,86.12716763
Arunachal_Pradesh,1987,96.74796748
Arunachal_Pradesh,1988,124.2990654
Arunachal_Pradesh,1989,91.86046512
Arunachal_Pradesh,1990,127.5193798
Arunachal_Pradesh,1991,134.0277778
Arunachal_Pradesh,1992,133.2352941
Arunachal_Pradesh,1993,115.2882206
Arunachal_Pradesh,1994,123.9179954
Arunachal_Pradesh,1995,133.3333333
Arunachal_Pradesh,1996,124.2524917
Arunachal_Pradesh,1997,117.7443609
Arunachal_Pradesh,1998,114.8594378
Arunachal_Pradesh,1999,109.3788063
Arunachal_Pradesh,2000,91.41914191
Arunachal_Pradesh,2001,92.33009709
Arunachal_Pradesh,2002,94.471387
Arunachal_Pradesh,2003,92.95977011
Arunachal_Pradesh,2004,87.8807947
Arunachal_Pradesh,2005,94.36450839
Arunachal_Pradesh,2006,118.9246178
Arunachal_Pradesh,2007,98.76106195
Arunachal_Pradesh,2008,102.5183864
Arunachal_Pradesh,2009,97.06007992
Arunachal_Pradesh,2010,124.190757
Arunachal_Pradesh,2011,34.4654651
Arunachal_Pradesh,2012,107.1822558
Arunachal_Pradesh,2013,86.36633283
Arunachal_Pradesh,2014,114.4399777
Arunachal_Pradesh,2015,115.1536458
Arunachal_Pradesh,2016,97.7163331
Arunachal_Pradesh,2017,106.7375994
Arunachal_Pradesh,2018,114.830846
Assam,1962,0.321083628
Assam,1967,0.279460602
Assam,1971,
Assam,1974,
Assam,1977,
Assam,1980,20.16806723
Assam,1981,73.6318408
Assam,1982,78.67494824
Assam,1983,77.90697674
Assam,1984,69.7005988
Assam,1985,91.83457052
Assam,1986,71.27937337
Assam,1987,74.66063348
Assam,1988,71.8466899
Assam,1989,68.48412223
Assam,1990,72.86458333
Assam,1991,82.07635009
Assam,1992,50.46919625
Assam,1993,53.98138573
Assam,1994,52.91959645
Assam,1995,64.28970917
Assam,1996,70.48445813
Assam,1997,69.05174548
Assam,1998,65.89673913
Assam,1999,47.48546014
Assam,2000,50.67788686
Assam,2001,46.71340929
Assam,2002,52.9453114
Assam,2003,51.30177515
Assam,2004,53.9739955
Assam,2005,67.66324981
Assam,2006,71.10936545
Assam,2007,75.56497175
Assam,2008,80.20607569
Assam,2009,55.05793564
Assam,2010,62.95797022
Assam,2011,63.0264138
Assam,2012,67.78341705
Assam,2013,63.43087864
Assam,2014,66.14948094
Assam,2015,80.13742785
Assam,2016,59.57937488
Assam,2017,62.04526617
Assam,2018,67.99504385
Bihar,1962,0.282117734
Bihar,1967,0.207720159
Bihar,1971,
Bihar,1974,
Bihar,1977,
Bihar,1980,76.10333692
Bihar,1981,65.20994002
Bihar,1982,64.70154753
Bihar,1983,76.53631285
Bihar,1984,68.28689982
Bihar,1985,77.55004766
Bihar,1986,66.35924462
Bihar,1987,57.57922871
Bihar,1988,62.59732171
Bihar,1989,56.07097592
Bihar,1990,56.50572831
Bihar,1991,57.04826625
Bihar,1992,54.90106545
Bihar,1993,53.94179533
Bihar,1994,51.41637563
Bihar,1995,52.79091769
Bihar,1996,57.49939423
Bihar,1997,68.54973764
Bihar,1998,60.96206345
Bihar,1999,40.56299603
Bihar,2000,49.5224817
Bihar,2001,50.88375796
Bihar,2002,52.44206774
Bihar,2003,62.78020776
Bihar,2004,74.70965979
Bihar,2005,69.19351205
Bihar,2006,86.48044693
Bihar,2007,93.34606408
Bihar,2008,86.73671776
Bihar,2009,77.12333934
Bihar,2010,87.5813012
Bihar,2011,81.03316424
Bihar,2012,76.61640792
Bihar,2013,75.17938936
Bihar,2014,76.87751878
Bihar,2015,82.89089377
Bihar,2016,71.99901905
Bihar,2017,82.2658658
Bihar,2018,78.42242555
Chhattisgarh,1962,
Chhattisgarh,1967,
Chhattisgarh,1971,
Chhattisgarh,1974,
Chhattisgarh,1977,
Chhattisgarh,1980,NA
Chhattisgarh,1981,NA
Chhattisgarh,1982,NA
Chhattisgarh,1983,NA
Chhattisgarh,1984,NA
Chhattisgarh,1985,NA
Chhattisgarh,1986,NA
Chhattisgarh,1987,NA
Chhattisgarh,1988,NA
Chhattisgarh,1989,NA
Chhattisgarh,1990,NA
Chhattisgarh,1991,NA
Chhattisgarh,1992,NA
Chhattisgarh,1993,NA
Chhattisgarh,1994,NA
Chhattisgarh,1995,NA
Chhattisgarh,1996,NA
Chhattisgarh,1997,NA
Chhattisgarh,1998,NA
Chhattisgarh,1999,NA
Chhattisgarh,2000,37.84119107
Chhattisgarh,2001,30.52503053
Chhattisgarh,2002,32.78481013
Chhattisgarh,2003,32.59090909
Chhattisgarh,2004,25.66521188
Chhattisgarh,2005,43.56980019
Chhattisgarh,2006,54.7489207
Chhattisgarh,2007,54.41881919
Chhattisgarh,2008,4.925436975
Chhattisgarh,2009,45.87198473
Chhattisgarh,2010,50.42429252
Chhattisgarh,2011,47.81677954
Chhattisgarh,2012,43.00781852
Chhattisgarh,2013,37.46245006
Chhattisgarh,2014,43.1929352
Chhattisgarh,2015,54.73551442
Chhattisgarh,2016,49.01940429
Chhattisgarh,2017,55.97783992
Chhattisgarh,2018,55.46242989
Delhi,1967,
Delhi,1971,
Delhi,1974,
Delhi,1977,
Delhi,1980,NA
Delhi,1981,NA
Delhi,1982,NA
Delhi,1983,NA
Delhi,1984,NA
Delhi,1985,NA
Delhi,1986,NA
Delhi,1987,NA
Delhi,1988,NA
Delhi,1989,NA
Delhi,1990,NA
Delhi,1991,NA
Delhi,1992,NA
Delhi,1993,26.18110236
Delhi,1994,42.20824598
Delhi,1995,40.22376132
Delhi,1996,42.66732283
Delhi,1997,46.59776055
Delhi,1998,23.16901408
Delhi,1999,4.115810389
Delhi,2000,-4.057343792
Delhi,2001,-6.958762887
Delhi,2002,-25.27185733
Delhi,2003,-13.28877531
Delhi,2004,-52.44551227
Delhi,2005,-20.46047583
Delhi,2006,-21.09606705
Delhi,2007,-12.1891311
Delhi,2008,-5.449498621
Delhi,2009,7.62541652
Delhi,2010,12.37681419
Delhi,2011,-5.343765551
Delhi,2012,-6.582972561
Delhi,2013,12.25045291
Delhi,2014,5.6998259
Delhi,2015,24.67490809
Delhi,2016,7.678677711
Delhi,2017,-1.370503343
Delhi,2018,6.024980754
Goa,1962,
Goa,1967,
Goa,1971,
Goa,1974,
Goa,1977,
Goa,1980,NA
Goa,1981,NA
Goa,1982,NA
Goa,1983,NA
Goa,1984,NA
Goa,1985,NA
Goa,1986,62.79069767
Goa,1987,78.69822485
Goa,1988,79.39698492
Goa,1989,64.9122807
Goa,1990,73.09090909
Goa,1991,33.73493976
Goa,1992,35
Goa,1993,25.75406032
Goa,1994,32.49475891
Goa,1995,15.66878981
Goa,1996,18.12420786
Goa,1997,13.7254902
Goa,1998,12.18944099
Goa,1999,3.966597077
Goa,2000,8.601521358
Goa,2001,6.282722513
Goa,2002,1.3
Goa,2003,0.907029478
Goa,2004,6.896551724
Goa,2005,10.54313099
Goa,2006,13.24959481
Goa,2007,22.0662347
Goa,2008,15.7937298
Goa,2009,6.859878698
Goa,2010,20.90392764
Goa,2011,17.87642647
Goa,2012,19.46764247
Goa,2013,19.25541797
Goa,2014,21.86166961
Goa,2015,26.84222591
Goa,2016,24.92677056
Goa,2017,28.4902771
Goa,2018,32.9770772
Gujarat,1962,0.30542178
Gujarat,1967,0.136215946
Gujarat,1971,
Gujarat,1974,
Gujarat,1977,
Gujarat,1980,43.18936877
Gujarat,1981,39.74975938
Gujarat,1982,38.26968044
Gujarat,1983,38.56942496
Gujarat,1984,36.09641387
Gujarat,1985,36.76470588
Gujarat,1986,24.3418388
Gujarat,1987,38.66795991
Gujarat,1988,31.91552647
Gujarat,1989,25.35551382
Gujarat,1990,22.58696717
Gujarat,1991,13.97479954
Gujarat,1992,19.28835936
Gujarat,1993,21.84886069
Gujarat,1994,19.85683987
Gujarat,1995,19.91786448
Gujarat,1996,20.23589044
Gujarat,1997,22.17738615
Gujarat,1998,20.06279636
Gujarat,1999,9.710566878
Gujarat,2000,10.46232022
Gujarat,2001,10.45866714
Gujarat,2002,4.188432836
Gujarat,2003,18.88038626
Gujarat,2004,6.530326722
Gujarat,2005,22.95307285
Gujarat,2006,21.08648057
Gujarat,2007,23.78354204
Gujarat,2008,22.81277546
Gujarat,2009,16.81802893
Gujarat,2010,17.18314763
Gujarat,2011,19.7005714
Gujarat,2012,20.84455176
Gujarat,2013,20.55580396
Gujarat,2014,23.30017492
Gujarat,2015,25.98703217
Gujarat,2016,22.83077993
Gujarat,2017,28.394034
Gujarat,2018,32.44494033
Haryana,1962,
Haryana,1967,
Haryana,1971,
Haryana,1974,
Haryana,1977,
Haryana,1980,31.67082294
Haryana,1981,30.24691358
Haryana,1982,23.80952381
Haryana,1983,33.70786517
Haryana,1984,26.01839685
Haryana,1985,35.48009368
Haryana,1986,33.09203723
Haryana,1987,20.96273292
Haryana,1988,23.35412335
Haryana,1989,16.21621622
Haryana,1990,22.03828246
Haryana,1991,17.98592788
Haryana,1992,18.99957966
Haryana,1993,16.75977654
Haryana,1994,9.899569584
Haryana,1995,20.1230884
Haryana,1996,10.34431801
Haryana,1997,15.56596645
Haryana,1998,15.28707793
Haryana,1999,7.710011507
Haryana,2000,3.968806573
Haryana,2001,4.470370798
Haryana,2002,6.444016271
Haryana,2003,8.85638035
Haryana,2004,-1.201016919
Haryana,2005,16.26582278
Haryana,2006,13.3846718
Haryana,2007,16.1122839
Haryana,2008,16.29921601
Haryana,2009,19.36067795
Haryana,2010,19.03908771
Haryana,2011,16.14873579
Haryana,2012,13.65843203
Haryana,2013,17.97689503
Haryana,2014,17.14243367
Haryana,2015,20.20740871
Haryana,2016,17.10440544
Haryana,2017,15.83035566
Haryana,2018,19.41378126
Himachal_Pradesh,1962,
Himachal_Pradesh,1967,
Himachal_Pradesh,1971,
Himachal_Pradesh,1974,
Himachal_Pradesh,1977,
Himachal_Pradesh,1980,50
Himachal_Pradesh,1981,82.54716981
Himachal_Pradesh,1982,77.94676806
Himachal_Pradesh,1983,81.33802817
Himachal_Pradesh,1984,86.62790698
Himachal_Pradesh,1985,102.676399
Himachal_Pradesh,1986,88.36206897
Himachal_Pradesh,1987,86.69950739
Himachal_Pradesh,1988,72.265625
Himachal_Pradesh,1989,72.03065134
Himachal_Pradesh,1990,80.59866962
Himachal_Pradesh,1991,70.80366226
Himachal_Pradesh,1992,63.26352531
Himachal_Pradesh,1993,78.40236686
Himachal_Pradesh,1994,62.26765799
Himachal_Pradesh,1995,67.33193277
Himachal_Pradesh,1996,71.91429902
Himachal_Pradesh,1997,70.91515376
Himachal_Pradesh,1998,45.95080984
Himachal_Pradesh,1999,51.67451596
Himachal_Pradesh,2000,36.81444241
Himachal_Pradesh,2001,46.94055944
Himachal_Pradesh,2002,37.24956234
Himachal_Pradesh,2003,44.73872584
Himachal_Pradesh,2004,43.74244778
Himachal_Pradesh,2005,66.02227034
Himachal_Pradesh,2006,61.08058608
Himachal_Pradesh,2007,63.66377231
Himachal_Pradesh,2008,54.96851601
Himachal_Pradesh,2009,53.17903939
Himachal_Pradesh,2010,54.88412052
Himachal_Pradesh,2011,60.65634046
Himachal_Pradesh,2012,59.29177551
Himachal_Pradesh,2013,50.25218297
Himachal_Pradesh,2014,49.52734238
Himachal_Pradesh,2015,67.07674952
Himachal_Pradesh,2016,58.39595774
Himachal_Pradesh,2017,64.0479731
Himachal_Pradesh,2018,69.10177915
Jammu_and_Kashmir,1962,0.277310924
Jammu_and_Kashmir,1967,0.219288983
Jammu_and_Kashmir,1971,
Jammu_and_Kashmir,1974,
Jammu_and_Kashmir,1977,
Jammu_and_Kashmir,1980,78.75457875
Jammu_and_Kashmir,1981,83.44594595
Jammu_and_Kashmir,1982,84.96932515
Jammu_and_Kashmir,1983,78.67298578
Jammu_and_Kashmir,1984,77.79960707
Jammu_and_Kashmir,1985,100.8403361
Jammu_and_Kashmir,1986,100.3062787
Jammu_and_Kashmir,1987,81.53310105
Jammu_and_Kashmir,1988,88.0952381
Jammu_and_Kashmir,1989,91.30434783
Jammu_and_Kashmir,1990,91.43314652
Jammu_and_Kashmir,1991,71.33464826
Jammu_and_Kashmir,1992,90.12345679
Jammu_and_Kashmir,1993,91.45927602
Jammu_and_Kashmir,1994,95.56798623
Jammu_and_Kashmir,1995,104.9284579
Jammu_and_Kashmir,1996,112.3835805
Jammu_and_Kashmir,1997,115.4022989
Jammu_and_Kashmir,1998,81.03483398
Jammu_and_Kashmir,1999,80.57803468
Jammu_and_Kashmir,2000,64.00897532
Jammu_and_Kashmir,2001,83.53748163
Jammu_and_Kashmir,2002,81.08529549
Jammu_and_Kashmir,2003,107.4590661
Jammu_and_Kashmir,2004,93.58817782
Jammu_and_Kashmir,2005,95.94816948
Jammu_and_Kashmir,2006,98.16231251
Jammu_and_Kashmir,2007,92.67436885
Jammu_and_Kashmir,2008,94.33704565
Jammu_and_Kashmir,2009,100.5964928
Jammu_and_Kashmir,2010,95.08951465
Jammu_and_Kashmir,2011,78.39340261
Jammu_and_Kashmir,2012,71.90286186
Jammu_and_Kashmir,2013,65.89604391
Jammu_and_Kashmir,2014,69.62408789
Jammu_and_Kashmir,2015,67.43473438
Jammu_and_Kashmir,2016,61.13706911
Jammu_and_Kashmir,2017,81.09198992
Jammu_and_Kashmir,2018,65.21984854
Jharkhand,1962,
Jharkhand,1967,
Jharkhand,1971,
Jharkhand,1974,
Jharkhand,1977,
Jharkhand,1980,NA
Jharkhand,1981,NA
Jharkhand,1982,NA
Jharkhand,1983,NA
Jharkhand,1984,NA
Jharkhand,1985,NA
Jharkhand,1986,NA
Jharkhand,1987,NA
Jharkhand,1988,NA
Jharkhand,1989,NA
Jharkhand,1990,NA
Jharkhand,1991,NA
Jharkhand,1992,NA
Jharkhand,1993,NA
Jharkhand,1994,NA
Jharkhand,1995,NA
Jharkhand,1996,NA
Jharkhand,1997,NA
Jharkhand,1998,NA
Jharkhand,1999,NA
Jharkhand,2000,NA
Jharkhand,2001,44.3573929
Jharkhand,2002,50.94998061
Jharkhand,2003,50.35606683
Jharkhand,2004,49.24575365
Jharkhand,2005,35.53710537
Jharkhand,2006,45.62043796
Jharkhand,2007,45.81551619
Jharkhand,2008,54.0596064
Jharkhand,2009,62.74956885
Jharkhand,2010,52.36486653
Jharkhand,2011,57.83271197
Jharkhand,2012,55.21879593
Jharkhand,2013,54.71292996
Jharkhand,2014,52.65005265
Jharkhand,2015,64.20843475
Jharkhand,2016,51.41298087
Jharkhand,2017,59.61856554
Jharkhand,2018,65.91266538
Karnataka,1962,0.195213711
Karnataka,1967,0.188094906
Karnataka,1971,
Karnataka,1974,
Karnataka,1977,
Karnataka,1980,34.52513966
Karnataka,1981,35.12974052
Karnataka,1982,30.58918483
Karnataka,1983,32.60409315
Karnataka,1984,31.90021231
Karnataka,1985,37.03527169
Karnataka,1986,33.46938776
Karnataka,1987,26.43419573
Karnataka,1988,27.94803464
Karnataka,1989,31.20872811
Karnataka,1990,27.87710904
Karnataka,1991,26.84699233
Karnataka,1992,29.7925608
Karnataka,1993,30.12242268
Karnataka,1994,32.99380592
Karnataka,1995,23.7236175
Karnataka,1996,25.77198314
Karnataka,1997,27.21763085
Karnataka,1998,24.85135787
Karnataka,1999,19.56407563
Karnataka,2000,21.2406353
Karnataka,2001,25.54014834
Karnataka,2002,16.28042947
Karnataka,2003,22.09537233
Karnataka,2004,14.12642387
Karnataka,2005,27.60243929
Karnataka,2006,27.96769852
Karnataka,2007,30.54983278
Karnataka,2008,28.47624143
Karnataka,2009,30.92333285
Karnataka,2010,30.0552339
Karnataka,2011,29.07161123
Karnataka,2012,26.67339159
Karnataka,2013,25.35049782
Karnataka,2014,28.13318239
Karnataka,2015,33.47900145
Karnataka,2016,28.46405891
Karnataka,2017,35.30037725
Karnataka,2018,36.55864567
Kerala,1962,0.265925177
Kerala,1967,0.26178969
Kerala,1971,
Kerala,1974,
Kerala,1977,
Kerala,1980,35.62874251
Kerala,1981,21.58940397
Kerala,1982,38.56960409
Kerala,1983,43.24596774
Kerala,1984,31.34328358
Kerala,1985,44.01384083
Kerala,1986,32.26586103
Kerala,1987,27.17574396
Kerala,1988,31.29548763
Kerala,1989,28.63359443
Kerala,1990,34.86725664
Kerala,1991,30.50373134
Kerala,1992,32.85010941
Kerala,1993,31.88912183
Kerala,1994,34.58349783
Kerala,1995,27.46309646
Kerala,1996,23.7625221
Kerala,1997,22.95837884
Kerala,1998,22.12830516
Kerala,1999,15.28618364
Kerala,2000,14.04276814
Kerala,2001,17.62990911
Kerala,2002,13.80455408
Kerala,2003,15.90087765
Kerala,2004,17.47917759
Kerala,2005,22.6498046
Kerala,2006,23.18847539
Kerala,2007,23.94343564
Kerala,2008,24.81232205
Kerala,2009,20.87859706
Kerala,2010,20.07799841
Kerala,2011,20.24123557
Kerala,2012,18.11596235
Kerala,2013,18.63256483
Kerala,2014,21.5899244
Kerala,2015,28.13591196
Kerala,2016,23.54650809
Kerala,2017,23.22789628
Kerala,2018,26.72984495
Madhya_Pradesh,1962,0.242638837
Madhya_Pradesh,1967,0.159000056
Madhya_Pradesh,1971,
Madhya_Pradesh,1974,
Madhya_Pradesh,1977,
Madhya_Pradesh,1980,58.95669291
Madhya_Pradesh,1981,53.3632287
Madhya_Pradesh,1982,49.62349398
Madhya_Pradesh,1983,50.98522167
Madhya_Pradesh,1984,49.1349481
Madhya_Pradesh,1985,53.82786495
Madhya_Pradesh,1986,45.10268562
Madhya_Pradesh,1987,44.18604651
Madhya_Pradesh,1988,42.70315091
Madhya_Pradesh,1989,42.25985711
Madhya_Pradesh,1990,40.85545723
Madhya_Pradesh,1991,41.98487364
Madhya_Pradesh,1992,42.06594121
Madhya_Pradesh,1993,38.93322692
Madhya_Pradesh,1994,40.46612883
Madhya_Pradesh,1995,36.6224948
Madhya_Pradesh,1996,35.71802478
Madhya_Pradesh,1997,43.13491387
Madhya_Pradesh,1998,35.51132367
Madhya_Pradesh,1999,29.56122955
Madhya_Pradesh,2000,38.72280795
Madhya_Pradesh,2001,34.65794419
Madhya_Pradesh,2002,33.63324176
Madhya_Pradesh,2003,32.49134026
Madhya_Pradesh,2004,35.293465
Madhya_Pradesh,2005,41.2293926
Madhya_Pradesh,2006,51.57626437
Madhya_Pradesh,2007,59.91953439
Madhya_Pradesh,2008,56.36669933
Madhya_Pradesh,2009,49.9486028
Madhya_Pradesh,2010,54.65259059
Madhya_Pradesh,2011,52.90954082
Madhya_Pradesh,2012,51.91482158
Madhya_Pradesh,2013,49.09133794
Madhya_Pradesh,2014,50.52637508
Madhya_Pradesh,2015,58.18341457
Madhya_Pradesh,2016,47.29065061
Madhya_Pradesh,2017,58.38394164
Madhya_Pradesh,2018,61.347303
Maharashtra,1962,0.211926823
Maharashtra,1967,0.127627418
Maharashtra,1971,
Maharashtra,1974,
Maharashtra,1977,
Maharashtra,1980,35.15910276
Maharashtra,1981,30.51831993
Maharashtra,1982,32.22983257
Maharashtra,1983,32.00251493
Maharashtra,1984,32.34536082
Maharashtra,1985,29.79291917
Maharashtra,1986,29.68467564
Maharashtra,1987,26.24886467
Maharashtra,1988,23.91071702
Maharashtra,1989,23.62394028
Maharashtra,1990,25.06282842
Maharashtra,1991,23.98248582
Maharashtra,1992,19.2517537
Maharashtra,1993,22.13746281
Maharashtra,1994,17.20901971
Maharashtra,1995,16.82199441
Maharashtra,1996,22.19130768
Maharashtra,1997,17.98052147
Maharashtra,1998,21.43552975
Maharashtra,1999,3.378698625
Maharashtra,2000,1.387663431
Maharashtra,2001,2.606969333
Maharashtra,2002,1.376192123
Maharashtra,2003,7.441424555
Maharashtra,2004,3.183340843
Maharashtra,2005,15.43993879
Maharashtra,2006,21.10124623
Maharashtra,2007,21.9296079
Maharashtra,2008,24.745716
Maharashtra,2009,20.1125269
Maharashtra,2010,20.94695845
Maharashtra,2011,19.86982392
Maharashtra,2012,20.88859718
Maharashtra,2013,18.97323489
Maharashtra,2014,20.78251403
Maharashtra,2015,23.9475916
Maharashtra,2016,20.72422417
Maharashtra,2017,22.38451024
Maharashtra,2018,27.64154039
Manipur,1962,
Manipur,1967,
Manipur,1971,
Manipur,1974,
Manipur,1977,
Manipur,1980,88.73239437
Manipur,1981,102.3529412
Manipur,1982,122.826087
Manipur,1983,118.0952381
Manipur,1984,112.6865672
Manipur,1985,140.3846154
Manipur,1986,108.0808081
Manipur,1987,113.0232558
Manipur,1988,108.2733813
Manipur,1989,100.3344482
Manipur,1990,126.7100977
Manipur,1991,105.026455
Manipur,1992,105.2763819
Manipur,1993,117.3515982
Manipur,1994,99.80314961
Manipur,1995,99.03069467
Manipur,1996,100.8474576
Manipur,1997,100.877193
Manipur,1998,107.7313054
Manipur,1999,73.24981577
Manipur,2000,93.28028294
Manipur,2001,71.89835575
Manipur,2002,111.1660777
Manipur,2003,79.83595352
Manipur,2004,129.4972744
Manipur,2005,103.4413965
Manipur,2006,91.13871636
Manipur,2007,124.7710423
Manipur,2008,122.3748889
Manipur,2009,110.8011186
Manipur,2010,119.1763589
Manipur,2011,97.8977947
Manipur,2012,116.6174178
Manipur,2013,112.9601684
Manipur,2014,99.3491393
Manipur,2015,102.674272
Manipur,2016,91.63371925
Manipur,2017,96.08472199
Manipur,2018,94.14569297
Meghalaya,1962,
Meghalaya,1967,
Meghalaya,1971,
Meghalaya,1974,
Meghalaya,1977,
Meghalaya,1980,80
Meghalaya,1981,98.64864865
Meghalaya,1982,104.7058824
Meghalaya,1983,114
Meghalaya,1984,111.1111111
Meghalaya,1985,117.7777778
Meghalaya,1986,119.8717949
Meghalaya,1987,118.9473684
Meghalaya,1988,117.7777778
Meghalaya,1989,107.3359073
Meghalaya,1990,98.71382637
Meghalaya,1991,91.57608696
Meghalaya,1992,88.7804878
Meghalaya,1993,87.78467909
Meghalaya,1994,96.49890591
Meghalaya,1995,92.5862069
Meghalaya,1996,96.59643436
Meghalaya,1997,86.27737226
Meghalaya,1998,85.27607362
Meghalaya,1999,79.63362069
Meghalaya,2000,84.35185185
Meghalaya,2001,75.54019015
Meghalaya,2002,85.72614108
Meghalaya,2003,81.35464231
Meghalaya,2004,72.7443609
Meghalaya,2005,77.00119474
Meghalaya,2006,83.01886792
Meghalaya,2007,84.20585626
Meghalaya,2008,79.69374937
Meghalaya,2009,84.21370169
Meghalaya,2010,83.23531171
Meghalaya,2011,73.21900964
Meghalaya,2012,83.20782154
Meghalaya,2013,84.30017346
Meghalaya,2014,81.73567546
Meghalaya,2015,90.74109957
Meghalaya,2016,68.61359749
Meghalaya,2017,82.99851318
Meghalaya,2018,72.04507827
Mizoram,1962,
Mizoram,1967,
Mizoram,1971,
Mizoram,1974,
Mizoram,1977,
Mizoram,1980,NA
Mizoram,1981,NA
Mizoram,1982,NA
Mizoram,1983,NA
Mizoram,1984,NA
Mizoram,1985,108.3333333
Mizoram,1986,110.8695652
Mizoram,1987,68.29268293
Mizoram,1988,118.1818182
Mizoram,1989,129.1666667
Mizoram,1990,62.62295082
Mizoram,1991,114.6417445
Mizoram,1992,102.6737968
Mizoram,1993,112.4105012
Mizoram,1994,107.7586207
Mizoram,1995,104.0707965
Mizoram,1996,100
Mizoram,1997,101.6616314
Mizoram,1998,100.4341534
Mizoram,1999,101.3422819
Mizoram,2000,70.64579256
Mizoram,2001,74.82269504
Mizoram,2002,81.25552608
Mizoram,2003,95.0310559
Mizoram,2004,99.92826399
Mizoram,2005,89.73551637
Mizoram,2006,98.95165987
Mizoram,2007,94.07756813
Mizoram,2008,102.0831533
Mizoram,2009,100.2704713
Mizoram,2010,89.69427486
Mizoram,2011,98.0165742
Mizoram,2012,90.04393523
Mizoram,2013,87.4520539
Mizoram,2014,87.92662992
Mizoram,2015,108.0623099
Mizoram,2016,95.98192073
Mizoram,2017,106.0478168
Mizoram,2018,103.4575563
Nagaland,1962,
Nagaland,1967,0.553677932
Nagaland,1971,
Nagaland,1974,
Nagaland,1977,
Nagaland,1980,58.69565217
Nagaland,1981,97.02970297
Nagaland,1982,95.3125
Nagaland,1983,89.09090909
Nagaland,1984,111.6564417
Nagaland,1985,123.0392157
Nagaland,1986,110.6463878
Nagaland,1987,96.64634146
Nagaland,1988,100
Nagaland,1989,79.89821883
Nagaland,1990,95.26066351
Nagaland,1991,89.77505112
Nagaland,1992,84.06072106
Nagaland,1993,86.17647059
Nagaland,1994,77.70083102
Nagaland,1995,85.91715976
Nagaland,1996,92.02312139
Nagaland,1997,90.83665339
Nagaland,1998,89.60915157
Nagaland,1999,95.76271186
Nagaland,2000,93.73239437
Nagaland,2001,96.6919366
Nagaland,2002,110.4913679
Nagaland,2003,94.5394374
Nagaland,2004,99.52522255
Nagaland,2005,97.4284328
Nagaland,2006,112.4662466
Nagaland,2007,105.8709176
Nagaland,2008,104.653698
Nagaland,2009,103.0002275
Nagaland,2010,108.409626
Nagaland,2011,102.7553193
Nagaland,2012,100.1537118
Nagaland,2013,102.7763527
Nagaland,2014,102.9218873
Nagaland,2015,97.07303691
Nagaland,2016,84.48685202
Nagaland,2017,94.38300017
Nagaland,2018,93.69522655
Orissa,1962,0.388590057
Orissa,1967,0.333433014
Orissa,1971,
Orissa,1974,
Orissa,1977,
Orissa,1980,68.76155268
Orissa,1981,67.24738676
Orissa,1982,70.66666667
Orissa,1983,70.75351213
Orissa,1984,55.07246377
Orissa,1985,59.04095904
Orissa,1986,61.45833333
Orissa,1987,62.00284091
Orissa,1988,58.89089813
Orissa,1989,58.93824485
Orissa,1990,68.69009585
Orissa,1991,56.5085389
Orissa,1992,58.34699902
Orissa,1993,54.99712809
Orissa,1994,51.68483647
Orissa,1995,47.55214985
Orissa,1996,48.7981239
Orissa,1997,53.9100596
Orissa,1998,41.69233025
Orissa,1999,47.05047878
Orissa,2000,39.78933062
Orissa,2001,32.70905042
Orissa,2002,43.0654019
Orissa,2003,42.39020348
Orissa,2004,43.5499515
Orissa,2005,46.09673625
Orissa,2006,54.78062389
Orissa,2007,64.6560966
Orissa,2008,60.80664008
Orissa,2009,52.94249986
Orissa,2010,54.88978798
Orissa,2011,56.49125814
Orissa,2012,53.08917543
Orissa,2013,51.07660943
Orissa,2014,55.92957098
Orissa,2015,65.36780187
Orissa,2016,57.57948159
Orissa,2017,63.40661026
Orissa,2018,63.46365786
Punjab,1962,0.195306698
Punjab,1967,
Punjab,1971,
Punjab,1974,
Punjab,1977,
Punjab,1980,26.72727273
Punjab,1981,25.80645161
Punjab,1982,24.56140351
Punjab,1983,25.73170732
Punjab,1984,55.26036132
Punjab,1985,67.49785039
Punjab,1986,53.32778702
Punjab,1987,59.54712362
Punjab,1988,61.45610278
Punjab,1989,48.34240475
Punjab,1990,50.35714286
Punjab,1991,27.82940195
Punjab,1992,45.77855682
Punjab,1993,20.84569733
Punjab,1994,8.753930167
Punjab,1995,0.99378882
Punjab,1996,11.608432
Punjab,1997,6.841097639
Punjab,1998,6.572041985
Punjab,1999,-5.54193232
Punjab,2000,2.996670366
Punjab,2001,-0.118017309
Punjab,2002,-6.819561551
Punjab,2003,2.445548338
Punjab,2004,-1.064077218
Punjab,2005,16.49824253
Punjab,2006,-1.342752373
Punjab,2007,17.81796106
Punjab,2008,15.60910725
Punjab,2009,15.10511188
Punjab,2010,15.92841696
Punjab,2011,17.40034595
Punjab,2012,16.70132805
Punjab,2013,18.68365711
Punjab,2014,22.93327532
Punjab,2015,24.86345569
Punjab,2016,21.66520032
Punjab,2017,27.47352935
Punjab,2018,31.3448768
Rajasthan,1962,0.309807692
Rajasthan,1967,0.145059264
Rajasthan,1971,
Rajasthan,1974,
Rajasthan,1977,
Rajasthan,1980,47.23837209
Rajasthan,1981,51.7618469
Rajasthan,1982,49.63350785
Rajasthan,1983,46.76979072
Rajasthan,1984,33.1542594
Rajasthan,1985,54.9071618
Rajasthan,1986,47.88430637
Rajasthan,1987,47.38085861
Rajasthan,1988,49.51380786
Rajasthan,1989,42.4017791
Rajasthan,1990,43.53448276
Rajasthan,1991,46.93627451
Rajasthan,1992,44.38663198
Rajasthan,1993,42.43811462
Rajasthan,1994,43.26367274
Rajasthan,1995,34.91358617
Rajasthan,1996,38.95086637
Rajasthan,1997,40.79679501
Rajasthan,1998,33.50898411
Rajasthan,1999,24.19955324
Rajasthan,2000,27.88826072
Rajasthan,2001,19.16107593
Rajasthan,2002,15.87917254
Rajasthan,2003,29.37712224
Rajasthan,2004,18.26082588
Rajasthan,2005,36.59705103
Rajasthan,2006,38.57898533
Rajasthan,2007,44.23578687
Rajasthan,2008,40.67285599
Rajasthan,2009,34.0125884
Rajasthan,2010,40.51402447
Rajasthan,2011,40.5380395
Rajasthan,2012,36.98288372
Rajasthan,2013,35.33326032
Rajasthan,2014,41.50537587
Rajasthan,2015,45.5481421
Rajasthan,2016,37.29742629
Rajasthan,2017,39.5900295
Rajasthan,2018,37.46603396
Sikkim,1962,
Sikkim,1967,
Sikkim,1971,
Sikkim,1974,
Sikkim,1977,
Sikkim,1980,106.6666667
Sikkim,1981,103.125
Sikkim,1982,113.8888889
Sikkim,1983,97.95918367
Sikkim,1984,106.779661
Sikkim,1985,102.5641026
Sikkim,1986,118.5185185
Sikkim,1987,102.020202
Sikkim,1988,105.3097345
Sikkim,1989,103.4782609
Sikkim,1990,93.75
Sikkim,1991,92.25806452
Sikkim,1992,92.22222222
Sikkim,1993,101.5873016
Sikkim,1994,38.21292776
Sikkim,1995,33.59818388
Sikkim,1996,27.52457551
Sikkim,1997,27.26550079
Sikkim,1998,26.47058824
Sikkim,1999,30.92715232
Sikkim,2000,63.95806029
Sikkim,2001,34.55528846
Sikkim,2002,33.40414233
Sikkim,2003,56.22353937
Sikkim,2004,44.16715032
Sikkim,2005,44.3438914
Sikkim,2006,42.95550847
Sikkim,2007,44.95530013
Sikkim,2008,54.28124223
Sikkim,2009,59.89664177
Sikkim,2010,54.68559224
Sikkim,2011,71.82351229
Sikkim,2012,83.98758444
Sikkim,2013,85.88878992
Sikkim,2014,86.30509656
Sikkim,2015,77.10079076
Sikkim,2016,73.6520876
Sikkim,2017,86.77826682
Sikkim,2018,82.26794577
Tamil_Nadu,1962,0.2034581
Tamil_Nadu,1967,0.140889951
Tamil_Nadu,1971,
Tamil_Nadu,1974,
Tamil_Nadu,1977,
Tamil_Nadu,1980,40.53819444
Tamil_Nadu,1981,37.64705882
Tamil_Nadu,1982,35.72335025
Tamil_Nadu,1983,39.35112507
Tamil_Nadu,1984,36.42533937
Tamil_Nadu,1985,38.93877551
Tamil_Nadu,1986,34.54610951
Tamil_Nadu,1987,33.48148148
Tamil_Nadu,1988,32.12862078
Tamil_Nadu,1989,31.72690763
Tamil_Nadu,1990,32.1928736
Tamil_Nadu,1991,25.9562212
Tamil_Nadu,1992,30.36404074
Tamil_Nadu,1993,33.18109157
Tamil_Nadu,1994,34.01141671
Tamil_Nadu,1995,23.28842453
Tamil_Nadu,1996,24.41637964
Tamil_Nadu,1997,25.59695004
Tamil_Nadu,1998,19.86212352
Tamil_Nadu,1999,15.52971826
Tamil_Nadu,2000,15.86061052
Tamil_Nadu,2001,14.18100849
Tamil_Nadu,2002,9.303955154
Tamil_Nadu,2003,18.54299395
Tamil_Nadu,2004,9.963985594
Tamil_Nadu,2005,24.20256803
Tamil_Nadu,2006,23.19874559
Tamil_Nadu,2007,33.88248982
Tamil_Nadu,2008,28.60494919
Tamil_Nadu,2009,24.31985664
Tamil_Nadu,2010,25.02869729
Tamil_Nadu,2011,23.92708608
Tamil_Nadu,2012,21.98471496
Tamil_Nadu,2013,23.48288413
Tamil_Nadu,2014,27.70360481
Tamil_Nadu,2015,29.06522533
Tamil_Nadu,2016,25.88200183
Tamil_Nadu,2017,24.02646505
Tamil_Nadu,2018,27.3857686
Telangana,1962,
Telangana,1967,
Telangana,1971,
Telangana,1974,
Telangana,1977,
Telangana,1980,NA
Telangana,1981,NA
Telangana,1982,NA
Telangana,1983,NA
Telangana,1984,NA
Telangana,1985,NA
Telangana,1986,NA
Telangana,1987,NA
Telangana,1988,NA
Telangana,1989,NA
Telangana,1990,NA
Telangana,1991,NA
Telangana,1992,NA
Telangana,1993,NA
Telangana,1994,NA
Telangana,1995,NA
Telangana,1996,NA
Telangana,1997,NA
Telangana,1998,NA
Telangana,1999,NA
Telangana,2000,NA
Telangana,2001,NA
Telangana,2002,NA
Telangana,2003,NA
Telangana,2004,NA
Telangana,2005,NA
Telangana,2006,NA
Telangana,2007,NA
Telangana,2008,NA
Telangana,2009,NA
Telangana,2010,NA
Telangana,2011,NA
Telangana,2012,NA
Telangana,2013,NA
Telangana,2014,30.37111969
Telangana,2015,29.86992419
Telangana,2016,27.00405982
Telangana,2017,26.73973479
Telangana,2018,26.49771721
Tripura,1962,
Tripura,1967,
Tripura,1971,
Tripura,1974,
Tripura,1977,
Tripura,1980,73.56321839
Tripura,1981,95.6043956
Tripura,1982,101.8348624
Tripura,1983,92.14285714
Tripura,1984,118.4931507
Tripura,1985,111.0526316
Tripura,1986,109.0517241
Tripura,1987,99.31972789
Tripura,1988,100
Tripura,1989,105.2380952
Tripura,1990,96.17706237
Tripura,1991,92.70072993
Tripura,1992,98.36363636
Tripura,1993,87.55832037
Tripura,1994,92.91784703
Tripura,1995,105.9720457
Tripura,1996,102.8665932
Tripura,1997,94.43396226
Tripura,1998,100.5952381
Tripura,1999,86.31074606
Tripura,2000,80.27681661
Tripura,2001,87.64478764
Tripura,2002,76.49158593
Tripura,2003,84.09311348
Tripura,2004,94.77782868
Tripura,2005,107.9431438
Tripura,2006,113.733387
Tripura,2007,112.4552613
Tripura,2008,109.284379
Tripura,2009,116.2848647
Tripura,2010,99.78574738
Tripura,2011,110.8320094
Tripura,2012,111.4547045
Tripura,2013,105.2284769
Tripura,2014,105.0664323
Tripura,2015,99.63817616
Tripura,2016,88.93786695
Tripura,2017,74.00151778
Tripura,2018,82.08458096
Uttar_Pradesh,1962,0.217722189
Uttar_Pradesh,1967,0.187335749
Uttar_Pradesh,1971,
Uttar_Pradesh,1974,
Uttar_Pradesh,1977,
Uttar_Pradesh,1980,67.89044289
Uttar_Pradesh,1981,67.73347324
Uttar_Pradesh,1982,59.47546531
Uttar_Pradesh,1983,53.38645418
Uttar_Pradesh,1984,56.95625759
Uttar_Pradesh,1985,72.44732577
Uttar_Pradesh,1986,51.9199816
Uttar_Pradesh,1987,61.65354331
Uttar_Pradesh,1988,53.36423206
Uttar_Pradesh,1989,50.62712307
Uttar_Pradesh,1990,54.11468707
Uttar_Pradesh,1991,56.58236369
Uttar_Pradesh,1992,52.47813411
Uttar_Pradesh,1993,46.14457831
Uttar_Pradesh,1994,49.64925955
Uttar_Pradesh,1995,42.79448622
Uttar_Pradesh,1996,44.95522699
Uttar_Pradesh,1997,45.1002478
Uttar_Pradesh,1998,36.91275168
Uttar_Pradesh,1999,30.09948518
Uttar_Pradesh,2000,29.82631392
Uttar_Pradesh,2001,34.16928886
Uttar_Pradesh,2002,25.81134825
Uttar_Pradesh,2003,27.06835786
Uttar_Pradesh,2004,37.31002017
Uttar_Pradesh,2005,46.47875239
Uttar_Pradesh,2006,49.23966319
Uttar_Pradesh,2007,54.21400426
Uttar_Pradesh,2008,52.61100959
Uttar_Pradesh,2009,52.03997601
Uttar_Pradesh,2010,52.17523263
Uttar_Pradesh,2011,53.0087661
Uttar_Pradesh,2012,51.45546264
Uttar_Pradesh,2013,52.40698093
Uttar_Pradesh,2014,56.89733916
Uttar_Pradesh,2015,58.02028289
Uttar_Pradesh,2016,51.14706626
Uttar_Pradesh,2017,55.6255139
Uttar_Pradesh,2018,58.15410677
Uttarakhand,1962,
Uttarakhand,1967,
Uttarakhand,1971,
Uttarakhand,1974,
Uttarakhand,1977,
Uttarakhand,1980,NA
Uttarakhand,1981,NA
Uttarakhand,1982,NA
Uttarakhand,1983,NA
Uttarakhand,1984,NA
Uttarakhand,1985,NA
Uttarakhand,1986,NA
Uttarakhand,1987,NA
Uttarakhand,1988,NA
Uttarakhand,1989,NA
Uttarakhand,1990,NA
Uttarakhand,1991,NA
Uttarakhand,1992,NA
Uttarakhand,1993,NA
Uttarakhand,1994,NA
Uttarakhand,1995,NA
Uttarakhand,1996,NA
Uttarakhand,1997,NA
Uttarakhand,1998,NA
Uttarakhand,1999,NA
Uttarakhand,2000,69.58424508
Uttarakhand,2001,51.81786092
Uttarakhand,2002,30.38628945
Uttarakhand,2003,22.21458047
Uttarakhand,2004,43.42732327
Uttarakhand,2005,54.12582427
Uttarakhand,2006,64.2581442
Uttarakhand,2007,61.32322536
Uttarakhand,2008,57.60324751
Uttarakhand,2009,49.355007
Uttarakhand,2010,56.01888981
Uttarakhand,2011,53.33197691
Uttarakhand,2012,55.15672389
Uttarakhand,2013,53.03269959
Uttarakhand,2014,50.98349958
Uttarakhand,2015,46.47749935
Uttarakhand,2016,42.18190452
Uttarakhand,2017,49.76259245
Uttarakhand,2018,48.32678076
West_Bengal,1962,0.200819672
West_Bengal,1967,0.128711718
West_Bengal,1971,
West_Bengal,1974,
West_Bengal,1977,
West_Bengal,1980,42.86995516
West_Bengal,1981,44.51219512
West_Bengal,1982,53.57583231
West_Bengal,1983,47.55606671
West_Bengal,1984,29.89307299
West_Bengal,1985,50.75221239
West_Bengal,1986,42.99481097
West_Bengal,1987,39.66314399
West_Bengal,1988,42.44604317
West_Bengal,1989,39.05817175
West_Bengal,1990,42.92121685
West_Bengal,1991,38.26070624
West_Bengal,1992,40.5720339
West_Bengal,1993,40.24037069
West_Bengal,1994,45.01375966
West_Bengal,1995,40.3199629
West_Bengal,1996,41.15035707
West_Bengal,1997,48.7987988
West_Bengal,1998,48.90121463
West_Bengal,1999,13.04236332
West_Bengal,2000,22.79677886
West_Bengal,2001,20.50438128
West_Bengal,2002,19.78325634
West_Bengal,2003,18.64347556
West_Bengal,2004,25.54537057
West_Bengal,2005,33.6600572
West_Bengal,2006,31.67061854
West_Bengal,2007,35.44657305
West_Bengal,2008,30.95711902
West_Bengal,2009,24.75219176
West_Bengal,2010,36.98585287
West_Bengal,2011,43.27229072
West_Bengal,2012,40.83502698
West_Bengal,2013,37.29958418
West_Bengal,2014,43.76198305
West_Bengal,2015,55.57646826
West_Bengal,2016,48.14902542
West_Bengal,2017,50.21677362
West_Bengal,2018,51.18066051
